{
    "Function": "getLocateName",
    "TWD97X":304868.535415563,
    "TWD97Y":2771607.46902215,
    "Longitude":121.543798,
    "Latitude":25.051639
}